Month,Day,Imsaak,Fajr,Sunrise,Zohr,Sunset,Maghrib,Tomorrow_Fajr
1,1,06:30:00,06:40:00,08:12:00,12:09:00,15:57:00,16:12:00,06:39:00
1,2,06:29:00,06:39:00,08:12:00,12:10:00,15:58:00,16:13:00,06:39:00
1,3,06:29:00,06:39:00,08:12:00,12:10:00,15:59:00,16:14:00,06:39:00
1,4,06:29:00,06:39:00,08:12:00,12:11:00,16:00:00,16:15:00,06:39:00
1,5,06:29:00,06:39:00,08:11:00,12:11:00,16:01:00,16:16:00,06:39:00
1,6,06:29:00,06:39:00,08:11:00,12:12:00,16:02:00,16:17:00,06:39:00
1,7,06:29:00,06:39:00,08:10:00,12:12:00,16:04:00,16:19:00,06:38:00
1,8,06:28:00,06:38:00,08:10:00,12:12:00,16:05:00,16:20:00,06:39:00
1,9,06:29:00,06:39:00,08:10:00,12:13:00,16:06:00,16:21:00,06:38:00
1,10,06:28:00,06:38:00,08:09:00,12:13:00,16:08:00,16:23:00,06:38:00
1,11,06:28:00,06:38:00,08:09:00,12:14:00,16:09:00,16:24:00,06:38:00
1,12,06:28:00,06:38:00,08:08:00,12:14:00,16:11:00,16:26:00,06:37:00
1,13,06:27:00,06:37:00,08:07:00,12:15:00,16:12:00,16:27:00,06:36:00
1,14,06:26:00,06:36:00,08:06:00,12:15:00,16:14:00,16:29:00,06:36:00
1,15,06:26:00,06:36:00,08:05:00,12:15:00,16:15:00,16:30:00,06:36:00
1,16,06:26:00,06:36:00,08:05:00,12:16:00,16:17:00,16:32:00,06:35:00
1,17,06:25:00,06:35:00,08:04:00,12:16:00,16:19:00,16:34:00,06:35:00
1,18,06:25:00,06:35:00,08:02:00,12:17:00,16:20:00,16:35:00,06:35:00
1,19,06:25:00,06:35:00,08:02:00,12:17:00,16:22:00,16:37:00,06:33:00
1,20,06:23:00,06:33:00,08:01:00,12:17:00,16:24:00,16:39:00,06:31:00
1,21,06:21:00,06:31:00,07:59:00,12:17:00,16:26:00,16:41:00,06:31:00
1,22,06:21:00,06:31:00,07:58:00,12:17:00,16:27:00,16:42:00,06:30:00
1,23,06:20:00,06:30:00,07:57:00,12:18:00,16:29:00,16:44:00,06:29:00
1,24,06:19:00,06:29:00,07:56:00,12:18:00,16:31:00,16:46:00,06:27:00
1,25,06:17:00,06:27:00,07:54:00,12:18:00,16:33:00,16:48:00,06:26:00
1,26,06:16:00,06:26:00,07:53:00,12:18:00,16:34:00,16:49:00,06:25:00
1,27,06:15:00,06:25:00,07:52:00,12:19:00,16:36:00,16:51:00,06:22:00
1,28,06:12:00,06:22:00,07:50:00,12:19:00,16:38:00,16:53:00,06:22:00
1,29,06:12:00,06:22:00,07:49:00,12:19:00,16:40:00,16:55:00,06:19:00
1,30,06:09:00,06:19:00,07:47:00,12:19:00,16:42:00,16:57:00,06:19:00
1,31,06:09:00,06:19:00,07:46:00,12:19:00,16:44:00,16:59:00,06:16:00
2,1,06:06:00,06:16:00,07:44:00,12:20:00,16:46:00,17:01:00,06:14:00
2,2,06:04:00,06:14:00,07:43:00,12:20:00,16:47:00,17:02:00,06:14:00
2,3,06:04:00,06:14:00,07:41:00,12:20:00,16:49:00,17:04:00,06:11:00
2,4,06:01:00,06:11:00,07:39:00,12:20:00,16:51:00,17:06:00,06:10:00
2,5,06:00:00,06:10:00,07:38:00,12:20:00,16:53:00,17:08:00,06:09:00
2,6,05:59:00,06:09:00,07:36:00,12:20:00,16:55:00,17:10:00,06:08:00
2,7,05:58:00,06:08:00,07:34:00,12:20:00,16:57:00,17:12:00,06:05:00
2,8,05:55:00,06:05:00,07:32:00,12:20:00,16:59:00,17:14:00,06:04:00
2,9,05:54:00,06:04:00,07:30:00,12:20:00,17:01:00,17:16:00,06:02:00
2,10,05:52:00,06:02:00,07:29:00,12:21:00,17:03:00,17:18:00,06:00:00
2,11,05:50:00,06:00:00,07:27:00,12:21:00,17:05:00,17:20:00,06:00:00
2,12,05:50:00,06:00:00,07:25:00,12:21:00,17:07:00,17:22:00,05:58:00
2,13,05:48:00,05:58:00,07:23:00,12:20:00,17:08:00,17:23:00,05:57:00
2,14,05:47:00,05:57:00,07:21:00,12:20:00,17:10:00,17:25:00,05:55:00
2,15,05:45:00,05:55:00,07:19:00,12:20:00,17:12:00,17:27:00,05:54:00
2,16,05:44:00,05:54:00,07:17:00,12:20:00,17:14:00,17:29:00,05:52:00
2,17,05:42:00,05:52:00,07:15:00,12:20:00,17:16:00,17:31:00,05:50:00
2,18,05:40:00,05:50:00,07:13:00,12:20:00,17:18:00,17:33:00,05:49:00
2,19,05:39:00,05:49:00,07:11:00,12:20:00,17:20:00,17:35:00,05:46:00
2,20,05:36:00,05:46:00,07:09:00,12:20:00,17:22:00,17:37:00,05:44:00
2,21,05:34:00,05:44:00,07:07:00,12:20:00,17:24:00,17:39:00,05:43:00
2,22,05:33:00,05:43:00,07:05:00,12:20:00,17:26:00,17:41:00,05:41:00
2,23,05:31:00,05:41:00,07:02:00,12:19:00,17:27:00,17:42:00,05:39:00
2,24,05:29:00,05:39:00,07:00:00,12:19:00,17:29:00,17:44:00,05:37:00
2,25,05:27:00,05:37:00,06:58:00,12:19:00,17:31:00,17:46:00,05:35:00
2,26,05:25:00,05:35:00,06:56:00,12:19:00,17:33:00,17:48:00,05:32:00
2,27,05:22:00,05:32:00,06:54:00,12:19:00,17:35:00,17:50:00,05:29:00
2,28,05:19:00,05:29:00,06:52:00,12:19:00,17:37:00,17:52:00,05:28:00
2,29,05:18:00,05:28:00,06:49:00,12:19:00,17:39:00,17:54:00,05:27:00
3,1,05:17:00,05:27:00,06:47:00,12:18:00,17:40:00,17:55:00,05:24:00
3,2,05:14:00,05:24:00,06:45:00,12:18:00,17:42:00,17:57:00,05:22:00
3,3,05:12:00,05:22:00,06:43:00,12:18:00,17:44:00,17:59:00,05:19:00
3,4,05:09:00,05:19:00,06:40:00,12:18:00,17:46:00,18:01:00,05:16:00
3,5,05:06:00,05:16:00,06:38:00,12:18:00,17:48:00,18:03:00,05:14:00
3,6,05:04:00,05:14:00,06:36:00,12:18:00,17:50:00,18:05:00,05:11:00
3,7,05:01:00,05:11:00,06:33:00,12:17:00,17:51:00,18:06:00,05:08:00
3,8,04:58:00,05:08:00,06:31:00,12:17:00,17:53:00,18:08:00,05:05:00
3,9,04:55:00,05:05:00,06:29:00,12:17:00,17:55:00,18:10:00,05:03:00
3,10,04:53:00,05:03:00,06:27:00,12:17:00,17:57:00,18:12:00,05:00:00
3,11,04:50:00,05:00:00,06:24:00,12:16:00,17:59:00,18:14:00,04:56:00
3,12,04:46:00,04:56:00,06:22:00,12:16:00,18:00:00,18:15:00,04:54:00
3,13,04:44:00,04:54:00,06:20:00,12:16:00,18:02:00,18:17:00,04:52:00
3,14,04:42:00,04:52:00,06:17:00,12:15:00,18:04:00,18:19:00,04:48:00
3,15,04:38:00,04:48:00,06:15:00,12:15:00,18:06:00,18:21:00,04:46:00
3,16,04:36:00,04:46:00,06:13:00,12:15:00,18:08:00,18:23:00,04:43:00
3,17,04:33:00,04:43:00,06:10:00,12:14:00,18:09:00,18:24:00,04:41:00
3,18,04:31:00,04:41:00,06:08:00,12:14:00,18:11:00,18:26:00,04:38:00
3,19,04:28:00,04:38:00,06:05:00,12:14:00,18:13:00,18:28:00,04:35:00
3,20,04:25:00,04:35:00,06:03:00,12:14:00,18:15:00,18:30:00,04:32:00
3,21,04:22:00,04:32:00,06:01:00,12:13:00,18:16:00,18:31:00,04:30:00
3,22,04:20:00,04:30:00,05:58:00,12:13:00,18:18:00,18:33:00,04:27:00
3,23,04:17:00,04:27:00,05:56:00,12:13:00,18:20:00,18:35:00,04:24:00
3,24,04:14:00,04:24:00,05:54:00,12:13:00,18:22:00,18:37:00,04:22:00
3,25,04:12:00,04:22:00,05:51:00,12:12:00,18:24:00,18:39:00,04:18:00
3,26,04:08:00,04:18:00,05:49:00,12:12:00,18:25:00,18:40:00,04:16:00
3,27,04:06:00,04:16:00,05:47:00,12:12:00,18:27:00,18:42:00,04:13:00
3,28,04:03:00,04:13:00,05:44:00,12:11:00,18:29:00,18:44:00,04:09:00
3,29,03:59:00,04:09:00,05:42:00,12:11:00,18:31:00,18:46:00,04:08:00
3,30,03:58:00,04:08:00,05:40:00,12:11:00,18:32:00,18:47:00,04:05:00
3,31,03:55:00,04:05:00,05:37:00,12:10:00,18:34:00,18:49:00,04:01:00
4,1,03:51:00,04:01:00,05:35:00,12:10:00,18:36:00,18:51:00,03:59:00
4,2,03:49:00,03:59:00,05:32:00,12:10:00,18:38:00,18:53:00,03:56:00
4,3,03:46:00,03:56:00,05:30:00,12:09:00,18:39:00,18:54:00,03:52:00
4,4,03:42:00,03:52:00,05:28:00,12:09:00,18:41:00,18:56:00,03:50:00
4,5,03:40:00,03:50:00,05:25:00,12:09:00,18:43:00,18:58:00,03:48:00
4,6,03:38:00,03:48:00,05:23:00,12:09:00,18:45:00,19:00:00,03:44:00
4,7,03:34:00,03:44:00,05:21:00,12:08:00,18:46:00,19:01:00,03:42:00
4,8,03:32:00,03:42:00,05:19:00,12:08:00,18:48:00,19:03:00,03:39:00
4,9,03:29:00,03:39:00,05:16:00,12:08:00,18:50:00,19:05:00,03:36:00
4,10,03:26:00,03:36:00,05:14:00,12:08:00,18:52:00,19:07:00,03:34:00
4,11,03:24:00,03:34:00,05:12:00,12:07:00,18:53:00,19:08:00,03:31:00
4,12,03:21:00,03:31:00,05:09:00,12:07:00,18:55:00,19:10:00,03:29:00
4,13,03:19:00,03:29:00,05:07:00,12:07:00,18:57:00,19:12:00,03:25:00
4,14,03:15:00,03:25:00,05:05:00,12:07:00,18:59:00,19:14:00,03:22:00
4,15,03:12:00,03:22:00,05:03:00,12:07:00,19:00:00,19:15:00,03:20:00
4,16,03:10:00,03:20:00,05:00:00,12:06:00,19:02:00,19:17:00,03:18:00
4,17,03:08:00,03:18:00,04:58:00,12:06:00,19:04:00,19:19:00,03:15:00
4,18,03:05:00,03:15:00,04:56:00,12:06:00,19:06:00,19:21:00,03:11:00
4,19,03:01:00,03:11:00,04:54:00,12:05:00,19:07:00,19:22:00,03:09:00
4,20,02:59:00,03:09:00,04:52:00,12:05:00,19:09:00,19:24:00,03:08:00
4,21,02:58:00,03:08:00,04:50:00,12:05:00,19:11:00,19:26:00,03:06:00
4,22,02:56:00,03:06:00,04:47:00,12:05:00,19:13:00,19:28:00,03:04:00
4,23,02:54:00,03:04:00,04:45:00,12:04:00,19:14:00,19:29:00,03:02:00
4,24,02:52:00,03:02:00,04:43:00,12:04:00,19:16:00,19:31:00,02:59:00
4,25,02:49:00,02:59:00,04:41:00,12:04:00,19:18:00,19:33:00,02:57:00
4,26,02:47:00,02:57:00,04:39:00,12:04:00,19:20:00,19:35:00,02:55:00
4,27,02:45:00,02:55:00,04:37:00,12:04:00,19:21:00,19:36:00,02:54:00
4,28,02:44:00,02:54:00,04:35:00,12:04:00,19:23:00,19:38:00,02:51:00
4,29,02:41:00,02:51:00,04:33:00,12:04:00,19:25:00,19:40:00,02:49:00
4,30,02:39:00,02:49:00,04:31:00,12:04:00,19:27:00,19:42:00,02:47:00
5,1,02:37:00,02:47:00,04:29:00,12:03:00,19:28:00,19:43:00,02:45:00
5,2,02:35:00,02:45:00,04:27:00,12:03:00,19:30:00,19:45:00,02:42:00
5,3,02:32:00,02:42:00,04:25:00,12:03:00,19:32:00,19:47:00,02:40:00
5,4,02:30:00,02:40:00,04:23:00,12:03:00,19:33:00,19:48:00,02:38:00
5,5,02:28:00,02:38:00,04:21:00,12:03:00,19:35:00,19:50:00,02:34:00
5,6,02:24:00,02:34:00,04:20:00,12:03:00,19:37:00,19:52:00,02:32:00
5,7,02:22:00,02:32:00,04:18:00,12:03:00,19:38:00,19:53:00,02:31:00
5,8,02:21:00,02:31:00,04:16:00,12:03:00,19:40:00,19:55:00,02:29:00
5,9,02:19:00,02:29:00,04:14:00,12:03:00,19:42:00,19:57:00,02:26:00
5,10,02:16:00,02:26:00,04:12:00,12:02:00,19:43:00,19:58:00,02:23:00
5,11,02:13:00,02:23:00,04:11:00,12:02:00,19:45:00,20:00:00,02:22:00
5,12,02:12:00,02:22:00,04:09:00,12:02:00,19:47:00,20:02:00,02:19:00
5,13,02:09:00,02:19:00,04:07:00,12:02:00,19:48:00,20:03:00,02:17:00
5,14,02:07:00,02:17:00,04:06:00,12:02:00,19:50:00,20:05:00,02:15:00
5,15,02:05:00,02:15:00,04:04:00,12:02:00,19:51:00,20:06:00,02:12:00
5,16,02:02:00,02:12:00,04:03:00,12:03:00,19:53:00,20:08:00,02:10:00
5,17,02:00:00,02:10:00,04:01:00,12:03:00,19:55:00,20:10:00,02:07:00
5,18,01:57:00,02:07:00,04:00:00,12:03:00,19:56:00,20:11:00,02:05:00
5,19,01:55:00,02:05:00,03:58:00,12:03:00,19:58:00,20:13:00,02:02:00
5,20,01:52:00,02:02:00,03:57:00,12:03:00,19:59:00,20:14:00,01:58:00
5,21,01:48:00,01:58:00,03:56:00,12:03:00,20:00:00,20:15:00,01:56:00
5,22,01:46:00,01:56:00,03:54:00,12:03:00,20:02:00,20:17:00,01:53:00
5,23,01:43:00,01:53:00,03:53:00,12:03:00,20:03:00,20:18:00,01:51:00
5,24,01:41:00,01:51:00,03:52:00,12:03:00,20:05:00,20:20:00,01:49:00
5,25,01:39:00,01:49:00,03:51:00,12:03:00,20:06:00,20:21:00,01:46:00
5,26,01:36:00,01:46:00,03:50:00,12:03:00,20:07:00,20:22:00,01:44:00
5,27,01:34:00,01:44:00,03:48:00,12:03:00,20:09:00,20:24:00,01:43:00
5,28,01:33:00,01:43:00,03:47:00,12:03:00,20:10:00,20:25:00,01:41:00
5,29,01:31:00,01:41:00,03:46:00,12:03:00,20:11:00,20:26:00,01:38:00
5,30,01:28:00,01:38:00,03:45:00,12:03:00,20:12:00,20:27:00,01:37:00
5,31,01:27:00,01:37:00,03:44:00,12:04:00,20:14:00,20:29:00,01:35:00
6,1,01:25:00,01:35:00,03:44:00,12:04:00,20:15:00,20:30:00,01:34:00
6,2,01:24:00,01:34:00,03:43:00,12:04:00,20:16:00,20:31:00,01:32:00
6,3,01:22:00,01:32:00,03:42:00,12:04:00,20:17:00,20:32:00,01:31:00
6,4,01:21:00,01:31:00,03:41:00,12:04:00,20:18:00,20:33:00,01:28:00
6,5,01:18:00,01:28:00,03:41:00,12:05:00,20:19:00,20:34:00,01:27:00
6,6,01:17:00,01:27:00,03:40:00,12:05:00,20:20:00,20:35:00,01:25:00
6,7,01:15:00,01:25:00,03:40:00,12:05:00,20:21:00,20:36:00,01:24:00
6,8,01:14:00,01:24:00,03:39:00,12:05:00,20:22:00,20:37:00,01:24:00
6,9,01:14:00,01:24:00,03:39:00,12:05:00,20:22:00,20:37:00,01:23:00
6,10,01:13:00,01:23:00,03:38:00,12:05:00,20:23:00,20:38:00,01:23:00
6,11,01:13:00,01:23:00,03:38:00,12:06:00,20:24:00,20:39:00,01:23:00
6,12,01:13:00,01:23:00,03:38:00,12:06:00,20:25:00,20:40:00,01:24:00
6,13,01:14:00,01:24:00,03:37:00,12:06:00,20:25:00,20:40:00,01:24:00
6,14,01:14:00,01:24:00,03:37:00,12:06:00,20:26:00,20:41:00,01:23:00
6,15,01:13:00,01:23:00,03:37:00,12:06:00,20:26:00,20:41:00,01:23:00
6,16,01:13:00,01:23:00,03:37:00,12:07:00,20:27:00,20:42:00,01:23:00
6,17,01:13:00,01:23:00,03:37:00,12:07:00,20:27:00,20:42:00,01:23:00
6,18,01:13:00,01:23:00,03:37:00,12:07:00,20:28:00,20:43:00,01:24:00
6,19,01:14:00,01:24:00,03:37:00,12:07:00,20:28:00,20:43:00,01:24:00
6,20,01:14:00,01:24:00,03:37:00,12:07:00,20:28:00,20:43:00,01:23:00
6,21,01:13:00,01:23:00,03:37:00,12:07:00,20:28:00,20:43:00,01:23:00
6,22,01:13:00,01:23:00,03:38:00,12:08:00,20:28:00,20:43:00,01:24:00
6,23,01:14:00,01:24:00,03:38:00,12:08:00,20:29:00,20:44:00,01:24:00
6,24,01:14:00,01:24:00,03:38:00,12:08:00,20:29:00,20:44:00,01:23:00
6,25,01:13:00,01:23:00,03:39:00,12:09:00,20:29:00,20:44:00,01:25:00
6,26,01:15:00,01:25:00,03:39:00,12:09:00,20:28:00,20:43:00,01:24:00
6,27,01:14:00,01:24:00,03:40:00,12:09:00,20:28:00,20:43:00,01:25:00
6,28,01:15:00,01:25:00,03:40:00,12:09:00,20:28:00,20:43:00,01:25:00
6,29,01:15:00,01:25:00,03:41:00,12:09:00,20:28:00,20:43:00,01:25:00
6,30,01:15:00,01:25:00,03:41:00,12:09:00,20:28:00,20:43:00,01:26:00
7,1,01:16:00,01:26:00,03:42:00,12:09:00,20:27:00,20:42:00,01:26:00
7,2,01:16:00,01:26:00,03:43:00,12:10:00,20:27:00,20:42:00,01:27:00
7,3,01:17:00,01:27:00,03:44:00,12:10:00,20:26:00,20:41:00,01:27:00
7,4,01:17:00,01:27:00,03:44:00,12:10:00,20:26:00,20:41:00,01:28:00
7,5,01:18:00,01:28:00,03:45:00,12:10:00,20:25:00,20:40:00,01:30:00
7,6,01:20:00,01:30:00,03:46:00,12:10:00,20:25:00,20:40:00,01:31:00
7,7,01:21:00,01:31:00,03:47:00,12:10:00,20:24:00,20:39:00,01:32:00
7,8,01:22:00,01:32:00,03:48:00,12:10:00,20:23:00,20:38:00,01:33:00
7,9,01:23:00,01:33:00,03:49:00,12:11:00,20:23:00,20:38:00,01:34:00
7,10,01:24:00,01:34:00,03:50:00,12:11:00,20:22:00,20:37:00,01:35:00
7,11,01:25:00,01:35:00,03:51:00,12:11:00,20:21:00,20:36:00,01:38:00
7,12,01:28:00,01:38:00,03:53:00,12:11:00,20:20:00,20:35:00,01:39:00
7,13,01:29:00,01:39:00,03:54:00,12:11:00,20:19:00,20:34:00,01:41:00
7,14,01:31:00,01:41:00,03:55:00,12:11:00,20:18:00,20:33:00,01:43:00
7,15,01:33:00,01:43:00,03:56:00,12:11:00,20:17:00,20:32:00,01:45:00
7,16,01:35:00,01:45:00,03:57:00,12:11:00,20:16:00,20:31:00,01:46:00
7,17,01:36:00,01:46:00,03:59:00,12:12:00,20:15:00,20:30:00,01:48:00
7,18,01:38:00,01:48:00,04:00:00,12:12:00,20:14:00,20:29:00,01:50:00
7,19,01:40:00,01:50:00,04:01:00,12:12:00,20:12:00,20:27:00,01:52:00
7,20,01:42:00,01:52:00,04:03:00,12:12:00,20:11:00,20:26:00,01:54:00
7,21,01:44:00,01:54:00,04:04:00,12:12:00,20:10:00,20:25:00,01:57:00
7,22,01:47:00,01:57:00,04:06:00,12:12:00,20:08:00,20:23:00,01:59:00
7,23,01:49:00,01:59:00,04:07:00,12:12:00,20:07:00,20:22:00,02:01:00
7,24,01:51:00,02:01:00,04:08:00,12:12:00,20:06:00,20:21:00,02:04:00
7,25,01:54:00,02:04:00,04:10:00,12:12:00,20:04:00,20:19:00,02:06:00
7,26,01:56:00,02:06:00,04:11:00,12:12:00,20:03:00,20:18:00,02:08:00
7,27,01:58:00,02:08:00,04:13:00,12:12:00,20:01:00,20:16:00,02:11:00
7,28,02:01:00,02:11:00,04:14:00,12:11:00,19:59:00,20:14:00,02:13:00
7,29,02:03:00,02:13:00,04:16:00,12:12:00,19:58:00,20:13:00,02:15:00
7,30,02:05:00,02:15:00,04:18:00,12:12:00,19:56:00,20:11:00,02:18:00
7,31,02:08:00,02:18:00,04:19:00,12:12:00,19:54:00,20:09:00,02:21:00
8,1,02:11:00,02:21:00,04:21:00,12:12:00,19:53:00,20:08:00,02:25:00
8,2,02:15:00,02:25:00,04:22:00,12:11:00,19:51:00,20:06:00,02:27:00
8,3,02:17:00,02:27:00,04:24:00,12:11:00,19:49:00,20:04:00,02:29:00
8,4,02:19:00,02:29:00,04:26:00,12:11:00,19:47:00,20:02:00,02:31:00
8,5,02:21:00,02:31:00,04:27:00,12:11:00,19:46:00,20:01:00,02:34:00
8,6,02:24:00,02:34:00,04:29:00,12:11:00,19:44:00,19:59:00,02:37:00
8,7,02:27:00,02:37:00,04:30:00,12:11:00,19:42:00,19:57:00,02:38:00
8,8,02:28:00,02:38:00,04:32:00,12:11:00,19:40:00,19:55:00,02:41:00
8,9,02:31:00,02:41:00,04:34:00,12:11:00,19:38:00,19:53:00,02:44:00
8,10,02:34:00,02:44:00,04:35:00,12:10:00,19:36:00,19:51:00,02:45:00
8,11,02:35:00,02:45:00,04:37:00,12:10:00,19:34:00,19:49:00,02:48:00
8,12,02:38:00,02:48:00,04:39:00,12:10:00,19:32:00,19:47:00,02:50:00
8,13,02:40:00,02:50:00,04:40:00,12:10:00,19:30:00,19:45:00,02:53:00
8,14,02:43:00,02:53:00,04:42:00,12:10:00,19:28:00,19:43:00,02:55:00
8,15,02:45:00,02:55:00,04:44:00,12:10:00,19:26:00,19:41:00,02:57:00
8,16,02:47:00,02:57:00,04:45:00,12:09:00,19:24:00,19:39:00,03:00:00
8,17,02:50:00,03:00:00,04:47:00,12:09:00,19:22:00,19:37:00,03:02:00
8,18,02:52:00,03:02:00,04:49:00,12:09:00,19:20:00,19:35:00,03:04:00
8,19,02:54:00,03:04:00,04:50:00,12:09:00,19:18:00,19:33:00,03:07:00
8,20,02:57:00,03:07:00,04:52:00,12:08:00,19:15:00,19:30:00,03:09:00
8,21,02:59:00,03:09:00,04:54:00,12:08:00,19:13:00,19:28:00,03:13:00
8,22,03:03:00,03:13:00,04:55:00,12:08:00,19:11:00,19:26:00,03:14:00
8,23,03:04:00,03:14:00,04:57:00,12:08:00,19:09:00,19:24:00,03:16:00
8,24,03:06:00,03:16:00,04:59:00,12:08:00,19:07:00,19:22:00,03:20:00
8,25,03:10:00,03:20:00,05:00:00,12:07:00,19:04:00,19:19:00,03:21:00
8,26,03:11:00,03:21:00,05:02:00,12:07:00,19:02:00,19:17:00,03:24:00
8,27,03:14:00,03:24:00,05:04:00,12:07:00,19:00:00,19:15:00,03:27:00
8,28,03:17:00,03:27:00,05:05:00,12:06:00,18:58:00,19:13:00,03:28:00
8,29,03:18:00,03:28:00,05:07:00,12:06:00,18:55:00,19:10:00,03:30:00
8,30,03:20:00,03:30:00,05:09:00,12:06:00,18:53:00,19:08:00,03:33:00
8,31,03:23:00,03:33:00,05:10:00,12:05:00,18:51:00,19:06:00,03:33:00
9,1,03:23:00,03:33:00,05:12:00,12:05:00,18:49:00,19:04:00,03:35:00
9,2,03:25:00,03:35:00,05:14:00,12:05:00,18:46:00,19:01:00,03:39:00
9,3,03:29:00,03:39:00,05:15:00,12:04:00,18:44:00,18:59:00,03:40:00
9,4,03:30:00,03:40:00,05:17:00,12:04:00,18:42:00,18:57:00,03:42:00
9,5,03:32:00,03:42:00,05:19:00,12:04:00,18:39:00,18:54:00,03:45:00
9,6,03:35:00,03:45:00,05:20:00,12:03:00,18:37:00,18:52:00,03:46:00
9,7,03:36:00,03:46:00,05:22:00,12:03:00,18:35:00,18:50:00,03:48:00
9,8,03:38:00,03:48:00,05:24:00,12:03:00,18:32:00,18:47:00,03:51:00
9,9,03:41:00,03:51:00,05:25:00,12:02:00,18:30:00,18:45:00,03:52:00
9,10,03:42:00,03:52:00,05:27:00,12:02:00,18:27:00,18:42:00,03:54:00
9,11,03:44:00,03:54:00,05:29:00,12:02:00,18:25:00,18:40:00,03:57:00
9,12,03:47:00,03:57:00,05:30:00,12:01:00,18:23:00,18:38:00,03:58:00
9,13,03:48:00,03:58:00,05:32:00,12:01:00,18:20:00,18:35:00,04:00:00
9,14,03:50:00,04:00:00,05:34:00,12:01:00,18:18:00,18:33:00,04:03:00
9,15,03:53:00,04:03:00,05:35:00,12:00:00,18:16:00,18:31:00,04:04:00
9,16,03:54:00,04:04:00,05:37:00,12:00:00,18:13:00,18:28:00,04:07:00
9,17,03:57:00,04:07:00,05:39:00,12:00:00,18:11:00,18:26:00,04:10:00
9,18,04:00:00,04:10:00,05:40:00,11:59:00,18:08:00,18:23:00,04:11:00
9,19,04:01:00,04:11:00,05:42:00,11:59:00,18:06:00,18:21:00,04:13:00
9,20,04:03:00,04:13:00,05:44:00,11:59:00,18:04:00,18:19:00,04:16:00
9,21,04:06:00,04:16:00,05:46:00,11:58:00,18:01:00,18:16:00,04:17:00
9,22,04:07:00,04:17:00,05:47:00,11:58:00,17:59:00,18:14:00,04:19:00
9,23,04:09:00,04:19:00,05:49:00,11:58:00,17:57:00,18:12:00,04:22:00
9,24,04:12:00,04:22:00,05:51:00,11:57:00,17:54:00,18:09:00,04:22:00
9,25,04:12:00,04:22:00,05:52:00,11:57:00,17:52:00,18:07:00,04:24:00
9,26,04:14:00,04:24:00,05:54:00,11:56:00,17:49:00,18:04:00,04:27:00
9,27,04:17:00,04:27:00,05:56:00,11:56:00,17:47:00,18:02:00,04:28:00
9,28,04:18:00,04:28:00,05:57:00,11:56:00,17:45:00,18:00:00,04:30:00
9,29,04:20:00,04:30:00,05:59:00,11:55:00,17:42:00,17:57:00,04:33:00
9,30,04:23:00,04:33:00,06:01:00,11:55:00,17:40:00,17:55:00,04:35:00
10,1,04:25:00,04:35:00,06:02:00,11:55:00,17:38:00,17:53:00,04:36:00
10,2,04:26:00,04:36:00,06:04:00,11:54:00,17:35:00,17:50:00,04:38:00
10,3,04:28:00,04:38:00,06:06:00,11:54:00,17:33:00,17:48:00,04:41:00
10,4,04:31:00,04:41:00,06:08:00,11:53:00,17:31:00,17:46:00,04:42:00
10,5,04:32:00,04:42:00,06:09:00,11:53:00,17:28:00,17:43:00,04:43:00
10,6,04:33:00,04:43:00,06:11:00,11:53:00,17:26:00,17:41:00,04:46:00
10,7,04:36:00,04:46:00,06:13:00,11:53:00,17:24:00,17:39:00,04:48:00
10,8,04:38:00,04:48:00,06:15:00,11:53:00,17:21:00,17:36:00,04:49:00
10,9,04:39:00,04:49:00,06:16:00,11:52:00,17:19:00,17:34:00,04:51:00
10,10,04:41:00,04:51:00,06:18:00,11:52:00,17:17:00,17:32:00,04:54:00
10,11,04:44:00,04:54:00,06:20:00,11:52:00,17:14:00,17:29:00,04:55:00
10,12,04:45:00,04:55:00,06:22:00,11:52:00,17:12:00,17:27:00,04:56:00
10,13,04:46:00,04:56:00,06:23:00,11:51:00,17:10:00,17:25:00,04:58:00
10,14,04:48:00,04:58:00,06:25:00,11:51:00,17:08:00,17:23:00,05:00:00
10,15,04:50:00,05:00:00,06:27:00,11:51:00,17:06:00,17:21:00,05:03:00
10,16,04:53:00,05:03:00,06:29:00,11:51:00,17:03:00,17:18:00,05:04:00
10,17,04:54:00,05:04:00,06:31:00,11:51:00,17:01:00,17:16:00,05:05:00
10,18,04:55:00,05:05:00,06:32:00,11:50:00,16:59:00,17:14:00,05:07:00
10,19,04:57:00,05:07:00,06:34:00,11:50:00,16:57:00,17:12:00,05:10:00
10,20,05:00:00,05:10:00,06:36:00,11:50:00,16:55:00,17:10:00,05:12:00
10,21,05:02:00,05:12:00,06:38:00,11:50:00,16:53:00,17:08:00,05:13:00
10,22,05:03:00,05:13:00,06:40:00,11:50:00,16:50:00,17:05:00,05:14:00
10,23,05:04:00,05:14:00,06:41:00,11:49:00,16:48:00,17:03:00,05:16:00
10,24,05:06:00,05:16:00,06:43:00,11:49:00,16:46:00,17:01:00,05:18:00
10,25,05:08:00,05:18:00,06:45:00,11:49:00,16:44:00,16:59:00,05:21:00
10,26,05:11:00,05:21:00,06:47:00,11:49:00,16:42:00,16:57:00,05:23:00
10,27,05:13:00,05:23:00,06:49:00,11:49:00,16:40:00,16:55:00,05:24:00
10,28,05:14:00,05:24:00,06:51:00,11:49:00,16:38:00,16:53:00,05:25:00
10,29,05:15:00,05:25:00,06:52:00,11:49:00,16:36:00,16:51:00,05:27:00
10,30,05:17:00,05:27:00,06:54:00,11:49:00,16:34:00,16:49:00,05:29:00
10,31,05:19:00,05:29:00,06:56:00,11:49:00,16:32:00,16:47:00,05:32:00
11,1,05:22:00,05:32:00,06:58:00,11:49:00,16:30:00,16:45:00,05:33:00
11,2,05:23:00,05:33:00,07:00:00,11:49:00,16:29:00,16:44:00,05:35:00
11,3,05:25:00,05:35:00,07:02:00,11:49:00,16:27:00,16:42:00,05:36:00
11,4,05:26:00,05:36:00,07:03:00,11:49:00,16:25:00,16:40:00,05:38:00
11,5,05:28:00,05:38:00,07:05:00,11:49:00,16:23:00,16:38:00,05:40:00
11,6,05:30:00,05:40:00,07:07:00,11:49:00,16:21:00,16:36:00,05:42:00
11,7,05:32:00,05:42:00,07:09:00,11:49:00,16:20:00,16:35:00,05:44:00
11,8,05:34:00,05:44:00,07:11:00,11:49:00,16:18:00,16:33:00,05:46:00
11,9,05:36:00,05:46:00,07:13:00,11:49:00,16:16:00,16:31:00,05:47:00
11,10,05:37:00,05:47:00,07:14:00,11:49:00,16:15:00,16:30:00,05:49:00
11,11,05:39:00,05:49:00,07:16:00,11:49:00,16:13:00,16:28:00,05:52:00
11,12,05:42:00,05:52:00,07:18:00,11:50:00,16:12:00,16:27:00,05:53:00
11,13,05:43:00,05:53:00,07:20:00,11:50:00,16:10:00,16:25:00,05:55:00
11,14,05:45:00,05:55:00,07:22:00,11:50:00,16:09:00,16:24:00,05:55:00
11,15,05:45:00,05:55:00,07:23:00,11:50:00,16:07:00,16:22:00,05:57:00
11,16,05:47:00,05:57:00,07:25:00,11:50:00,16:06:00,16:21:00,05:59:00
11,17,05:49:00,05:59:00,07:27:00,11:50:00,16:04:00,16:19:00,06:01:00
11,18,05:51:00,06:01:00,07:29:00,11:51:00,16:03:00,16:18:00,06:01:00
11,19,05:51:00,06:01:00,07:31:00,11:51:00,16:02:00,16:17:00,06:03:00
11,20,05:53:00,06:03:00,07:32:00,11:51:00,16:01:00,16:16:00,06:05:00
11,21,05:55:00,06:05:00,07:34:00,11:51:00,15:59:00,16:14:00,06:07:00
11,22,05:57:00,06:07:00,07:36:00,11:52:00,15:58:00,16:13:00,06:07:00
11,23,05:57:00,06:07:00,07:37:00,11:52:00,15:57:00,16:12:00,06:10:00
11,24,06:00:00,06:10:00,07:39:00,11:52:00,15:56:00,16:11:00,06:10:00
11,25,06:00:00,06:10:00,07:41:00,11:53:00,15:55:00,16:10:00,06:13:00
11,26,06:03:00,06:13:00,07:42:00,11:53:00,15:54:00,16:09:00,06:14:00
11,27,06:04:00,06:14:00,07:44:00,11:53:00,15:53:00,16:08:00,06:15:00
11,28,06:05:00,06:15:00,07:45:00,11:53:00,15:52:00,16:07:00,06:17:00
11,29,06:07:00,06:17:00,07:47:00,11:54:00,15:52:00,16:07:00,06:18:00
11,30,06:08:00,06:18:00,07:48:00,11:54:00,15:51:00,16:06:00,06:22:00
12,1,06:12:00,06:22:00,07:50:00,11:55:00,15:50:00,16:05:00,06:24:00
12,2,06:14:00,06:24:00,07:51:00,11:55:00,15:50:00,16:05:00,06:24:00
12,3,06:14:00,06:24:00,07:53:00,11:56:00,15:49:00,16:04:00,06:27:00
12,4,06:17:00,06:27:00,07:54:00,11:56:00,15:48:00,16:03:00,06:28:00
12,5,06:18:00,06:28:00,07:55:00,11:56:00,15:48:00,16:03:00,06:29:00
12,6,06:19:00,06:29:00,07:57:00,11:57:00,15:48:00,16:03:00,06:30:00
12,7,06:20:00,06:30:00,07:58:00,11:57:00,15:47:00,16:02:00,06:33:00
12,8,06:23:00,06:33:00,07:59:00,11:58:00,15:47:00,16:02:00,06:34:00
12,9,06:24:00,06:34:00,08:00:00,11:58:00,15:47:00,16:02:00,06:35:00
12,10,06:25:00,06:35:00,08:01:00,11:58:00,15:46:00,16:01:00,06:34:00
12,11,06:24:00,06:34:00,08:02:00,11:59:00,15:46:00,16:01:00,06:35:00
12,12,06:25:00,06:35:00,08:03:00,11:59:00,15:46:00,16:01:00,06:37:00
12,13,06:27:00,06:37:00,08:04:00,12:00:00,15:46:00,16:01:00,06:37:00
12,14,06:27:00,06:37:00,08:05:00,12:00:00,15:46:00,16:01:00,06:38:00
12,15,06:28:00,06:38:00,08:06:00,12:01:00,15:46:00,16:01:00,06:38:00
12,16,06:28:00,06:38:00,08:07:00,12:02:00,15:47:00,16:02:00,06:39:00
12,17,06:29:00,06:39:00,08:08:00,12:02:00,15:47:00,16:02:00,06:39:00
12,18,06:29:00,06:39:00,08:08:00,12:02:00,15:47:00,16:02:00,06:40:00
12,19,06:30:00,06:40:00,08:09:00,12:03:00,15:47:00,16:02:00,06:40:00
12,20,06:30:00,06:40:00,08:10:00,12:04:00,15:48:00,16:03:00,06:41:00
12,21,06:31:00,06:41:00,08:10:00,12:04:00,15:48:00,16:03:00,06:41:00
12,22,06:31:00,06:41:00,08:11:00,12:05:00,15:49:00,16:04:00,06:41:00
12,23,06:31:00,06:41:00,08:11:00,12:05:00,15:49:00,16:04:00,06:41:00
12,24,06:31:00,06:41:00,08:11:00,12:05:00,15:50:00,16:05:00,06:41:00
12,25,06:31:00,06:41:00,08:12:00,12:06:00,15:51:00,16:06:00,06:41:00
12,26,06:31:00,06:41:00,08:12:00,12:07:00,15:52:00,16:07:00,06:42:00
12,27,06:32:00,06:42:00,08:12:00,12:07:00,15:52:00,16:07:00,06:42:00
12,28,06:32:00,06:42:00,08:12:00,12:07:00,15:53:00,16:08:00,06:41:00
12,29,06:31:00,06:41:00,08:12:00,12:08:00,15:54:00,16:09:00,06:41:00
12,30,06:31:00,06:41:00,08:12:00,12:08:00,15:55:00,16:10:00,06:41:00
12,31,06:31:00,06:41:00,08:12:00,12:09:00,15:56:00,16:11:00,06:40:00
